Id,Name,Type,Total,URL
 001,Bulbasaur,"['Grass', 'Poison']",318,https://pokemondb.net/pokedex/bulbasaur
 002,Ivysaur,"['Grass', 'Poison']",405,https://pokemondb.net/pokedex/ivysaur
 003,Venusaur,"['Grass', 'Poison']",525,https://pokemondb.net/pokedex/venusaur
 003,VenusaurMega Venusaur,"['Grass', 'Poison']",625,https://pokemondb.net/pokedex/venusaur
 004,Charmander,['Fire'],309,https://pokemondb.net/pokedex/charmander
 005,Charmeleon,['Fire'],405,https://pokemondb.net/pokedex/charmeleon
 006,Charizard,"['Fire', 'Flying']",534,https://pokemondb.net/pokedex/charizard
 006,CharizardMega Charizard X,"['Fire', 'Dragon']",634,https://pokemondb.net/pokedex/charizard
 006,CharizardMega Charizard Y,"['Fire', 'Flying']",634,https://pokemondb.net/pokedex/charizard
 007,Squirtle,['Water'],314,https://pokemondb.net/pokedex/squirtle
 008,Wartortle,['Water'],405,https://pokemondb.net/pokedex/wartortle
 009,Blastoise,['Water'],530,https://pokemondb.net/pokedex/blastoise
 009,BlastoiseMega Blastoise,['Water'],630,https://pokemondb.net/pokedex/blastoise
 010,Caterpie,['Bug'],195,https://pokemondb.net/pokedex/caterpie
 011,Metapod,['Bug'],205,https://pokemondb.net/pokedex/metapod
 012,Butterfree,"['Bug', 'Flying']",395,https://pokemondb.net/pokedex/butterfree
 013,Weedle,"['Bug', 'Poison']",195,https://pokemondb.net/pokedex/weedle
 014,Kakuna,"['Bug', 'Poison']",205,https://pokemondb.net/pokedex/kakuna
 015,Beedrill,"['Bug', 'Poison']",395,https://pokemondb.net/pokedex/beedrill
 015,BeedrillMega Beedrill,"['Bug', 'Poison']",495,https://pokemondb.net/pokedex/beedrill
 016,Pidgey,"['Normal', 'Flying']",251,https://pokemondb.net/pokedex/pidgey
 017,Pidgeotto,"['Normal', 'Flying']",349,https://pokemondb.net/pokedex/pidgeotto
 018,Pidgeot,"['Normal', 'Flying']",479,https://pokemondb.net/pokedex/pidgeot
 018,PidgeotMega Pidgeot,"['Normal', 'Flying']",579,https://pokemondb.net/pokedex/pidgeot
 019,Rattata,['Normal'],253,https://pokemondb.net/pokedex/rattata
 019,RattataAlolan Rattata,"['Dark', 'Normal']",253,https://pokemondb.net/pokedex/rattata
 020,Raticate,['Normal'],413,https://pokemondb.net/pokedex/raticate
 020,RaticateAlolan Raticate,"['Dark', 'Normal']",413,https://pokemondb.net/pokedex/raticate
 021,Spearow,"['Normal', 'Flying']",262,https://pokemondb.net/pokedex/spearow
 022,Fearow,"['Normal', 'Flying']",442,https://pokemondb.net/pokedex/fearow
 023,Ekans,['Poison'],288,https://pokemondb.net/pokedex/ekans
 024,Arbok,['Poison'],448,https://pokemondb.net/pokedex/arbok
 025,Pikachu,['Electric'],320,https://pokemondb.net/pokedex/pikachu
 026,Raichu,['Electric'],485,https://pokemondb.net/pokedex/raichu
 026,RaichuAlolan Raichu,"['Electric', 'Psychic']",485,https://pokemondb.net/pokedex/raichu
 027,Sandshrew,['Ground'],300,https://pokemondb.net/pokedex/sandshrew
 027,SandshrewAlolan Sandshrew,"['Ice', 'Steel']",300,https://pokemondb.net/pokedex/sandshrew
 028,Sandslash,['Ground'],450,https://pokemondb.net/pokedex/sandslash
 028,SandslashAlolan Sandslash,"['Ice', 'Steel']",450,https://pokemondb.net/pokedex/sandslash
 029,Nidoran♀,['Poison'],275,https://pokemondb.net/pokedex/nidoran-f
 030,Nidorina,['Poison'],365,https://pokemondb.net/pokedex/nidorina
 031,Nidoqueen,"['Poison', 'Ground']",505,https://pokemondb.net/pokedex/nidoqueen
 032,Nidoran♂,['Poison'],273,https://pokemondb.net/pokedex/nidoran-m
 033,Nidorino,['Poison'],365,https://pokemondb.net/pokedex/nidorino
 034,Nidoking,"['Poison', 'Ground']",505,https://pokemondb.net/pokedex/nidoking
 035,Clefairy,['Fairy'],323,https://pokemondb.net/pokedex/clefairy
 036,Clefable,['Fairy'],483,https://pokemondb.net/pokedex/clefable
 037,Vulpix,['Fire'],299,https://pokemondb.net/pokedex/vulpix
 037,VulpixAlolan Vulpix,['Ice'],299,https://pokemondb.net/pokedex/vulpix
 038,Ninetales,['Fire'],505,https://pokemondb.net/pokedex/ninetales
 038,NinetalesAlolan Ninetales,"['Ice', 'Fairy']",505,https://pokemondb.net/pokedex/ninetales
 039,Jigglypuff,"['Normal', 'Fairy']",270,https://pokemondb.net/pokedex/jigglypuff
 040,Wigglytuff,"['Normal', 'Fairy']",435,https://pokemondb.net/pokedex/wigglytuff
 041,Zubat,"['Poison', 'Flying']",245,https://pokemondb.net/pokedex/zubat
 042,Golbat,"['Poison', 'Flying']",455,https://pokemondb.net/pokedex/golbat
 043,Oddish,"['Grass', 'Poison']",320,https://pokemondb.net/pokedex/oddish
 044,Gloom,"['Grass', 'Poison']",395,https://pokemondb.net/pokedex/gloom
 045,Vileplume,"['Grass', 'Poison']",490,https://pokemondb.net/pokedex/vileplume
 046,Paras,"['Bug', 'Grass']",285,https://pokemondb.net/pokedex/paras
 047,Parasect,"['Bug', 'Grass']",405,https://pokemondb.net/pokedex/parasect
 048,Venonat,"['Bug', 'Poison']",305,https://pokemondb.net/pokedex/venonat
 049,Venomoth,"['Bug', 'Poison']",450,https://pokemondb.net/pokedex/venomoth
 050,Diglett,['Ground'],265,https://pokemondb.net/pokedex/diglett
 050,DiglettAlolan Diglett,"['Ground', 'Steel']",265,https://pokemondb.net/pokedex/diglett
 051,Dugtrio,['Ground'],425,https://pokemondb.net/pokedex/dugtrio
 051,DugtrioAlolan Dugtrio,"['Ground', 'Steel']",425,https://pokemondb.net/pokedex/dugtrio
 052,Meowth,['Normal'],290,https://pokemondb.net/pokedex/meowth
 052,MeowthAlolan Meowth,['Dark'],290,https://pokemondb.net/pokedex/meowth
 053,Persian,['Normal'],440,https://pokemondb.net/pokedex/persian
 053,PersianAlolan Persian,['Dark'],440,https://pokemondb.net/pokedex/persian
 054,Psyduck,['Water'],320,https://pokemondb.net/pokedex/psyduck
 055,Golduck,['Water'],500,https://pokemondb.net/pokedex/golduck
 056,Mankey,['Fighting'],305,https://pokemondb.net/pokedex/mankey
 057,Primeape,['Fighting'],455,https://pokemondb.net/pokedex/primeape
 058,Growlithe,['Fire'],350,https://pokemondb.net/pokedex/growlithe
 059,Arcanine,['Fire'],555,https://pokemondb.net/pokedex/arcanine
 060,Poliwag,['Water'],300,https://pokemondb.net/pokedex/poliwag
 061,Poliwhirl,['Water'],385,https://pokemondb.net/pokedex/poliwhirl
 062,Poliwrath,"['Water', 'Fighting']",510,https://pokemondb.net/pokedex/poliwrath
 063,Abra,['Psychic'],310,https://pokemondb.net/pokedex/abra
 064,Kadabra,['Psychic'],400,https://pokemondb.net/pokedex/kadabra
 065,Alakazam,['Psychic'],500,https://pokemondb.net/pokedex/alakazam
 065,AlakazamMega Alakazam,['Psychic'],600,https://pokemondb.net/pokedex/alakazam
 066,Machop,['Fighting'],305,https://pokemondb.net/pokedex/machop
 067,Machoke,['Fighting'],405,https://pokemondb.net/pokedex/machoke
 068,Machamp,['Fighting'],505,https://pokemondb.net/pokedex/machamp
 069,Bellsprout,"['Grass', 'Poison']",300,https://pokemondb.net/pokedex/bellsprout
 070,Weepinbell,"['Grass', 'Poison']",390,https://pokemondb.net/pokedex/weepinbell
 071,Victreebel,"['Grass', 'Poison']",490,https://pokemondb.net/pokedex/victreebel
 072,Tentacool,"['Water', 'Poison']",335,https://pokemondb.net/pokedex/tentacool
 073,Tentacruel,"['Water', 'Poison']",515,https://pokemondb.net/pokedex/tentacruel
 074,Geodude,"['Rock', 'Ground']",300,https://pokemondb.net/pokedex/geodude
 074,GeodudeAlolan Geodude,"['Rock', 'Electric']",300,https://pokemondb.net/pokedex/geodude
 075,Graveler,"['Rock', 'Ground']",390,https://pokemondb.net/pokedex/graveler
 075,GravelerAlolan Graveler,"['Rock', 'Electric']",390,https://pokemondb.net/pokedex/graveler
 076,Golem,"['Rock', 'Ground']",495,https://pokemondb.net/pokedex/golem
 076,GolemAlolan Golem,"['Rock', 'Electric']",495,https://pokemondb.net/pokedex/golem
 077,Ponyta,['Fire'],410,https://pokemondb.net/pokedex/ponyta
 078,Rapidash,['Fire'],500,https://pokemondb.net/pokedex/rapidash
 079,Slowpoke,"['Water', 'Psychic']",315,https://pokemondb.net/pokedex/slowpoke
 080,Slowbro,"['Water', 'Psychic']",490,https://pokemondb.net/pokedex/slowbro
 080,SlowbroMega Slowbro,"['Water', 'Psychic']",590,https://pokemondb.net/pokedex/slowbro
 081,Magnemite,"['Electric', 'Steel']",325,https://pokemondb.net/pokedex/magnemite
 082,Magneton,"['Electric', 'Steel']",465,https://pokemondb.net/pokedex/magneton
 083,Farfetch'd,"['Normal', 'Flying']",377,https://pokemondb.net/pokedex/farfetchd
 084,Doduo,"['Normal', 'Flying']",310,https://pokemondb.net/pokedex/doduo
 085,Dodrio,"['Normal', 'Flying']",470,https://pokemondb.net/pokedex/dodrio
 086,Seel,['Water'],325,https://pokemondb.net/pokedex/seel
 087,Dewgong,"['Water', 'Ice']",475,https://pokemondb.net/pokedex/dewgong
 088,Grimer,['Poison'],325,https://pokemondb.net/pokedex/grimer
 088,GrimerAlolan Grimer,"['Poison', 'Dark']",325,https://pokemondb.net/pokedex/grimer
 089,Muk,['Poison'],500,https://pokemondb.net/pokedex/muk
 089,MukAlolan Muk,"['Poison', 'Dark']",500,https://pokemondb.net/pokedex/muk
 090,Shellder,['Water'],305,https://pokemondb.net/pokedex/shellder
 091,Cloyster,"['Water', 'Ice']",525,https://pokemondb.net/pokedex/cloyster
 092,Gastly,"['Ghost', 'Poison']",310,https://pokemondb.net/pokedex/gastly
 093,Haunter,"['Ghost', 'Poison']",405,https://pokemondb.net/pokedex/haunter
 094,Gengar,"['Ghost', 'Poison']",500,https://pokemondb.net/pokedex/gengar
 094,GengarMega Gengar,"['Ghost', 'Poison']",600,https://pokemondb.net/pokedex/gengar
 095,Onix,"['Rock', 'Ground']",385,https://pokemondb.net/pokedex/onix
 096,Drowzee,['Psychic'],328,https://pokemondb.net/pokedex/drowzee
 097,Hypno,['Psychic'],483,https://pokemondb.net/pokedex/hypno
 098,Krabby,['Water'],325,https://pokemondb.net/pokedex/krabby
 099,Kingler,['Water'],475,https://pokemondb.net/pokedex/kingler
 100,Voltorb,['Electric'],330,https://pokemondb.net/pokedex/voltorb
 101,Electrode,['Electric'],490,https://pokemondb.net/pokedex/electrode
 102,Exeggcute,"['Grass', 'Psychic']",325,https://pokemondb.net/pokedex/exeggcute
 103,Exeggutor,"['Grass', 'Psychic']",530,https://pokemondb.net/pokedex/exeggutor
 103,ExeggutorAlolan Exeggutor,"['Grass', 'Dragon']",530,https://pokemondb.net/pokedex/exeggutor
 104,Cubone,['Ground'],320,https://pokemondb.net/pokedex/cubone
 105,Marowak,['Ground'],425,https://pokemondb.net/pokedex/marowak
 105,MarowakAlolan Marowak,"['Fire', 'Ghost']",425,https://pokemondb.net/pokedex/marowak
 106,Hitmonlee,['Fighting'],455,https://pokemondb.net/pokedex/hitmonlee
 107,Hitmonchan,['Fighting'],455,https://pokemondb.net/pokedex/hitmonchan
 108,Lickitung,['Normal'],385,https://pokemondb.net/pokedex/lickitung
 109,Koffing,['Poison'],340,https://pokemondb.net/pokedex/koffing
 110,Weezing,['Poison'],490,https://pokemondb.net/pokedex/weezing
 111,Rhyhorn,"['Ground', 'Rock']",345,https://pokemondb.net/pokedex/rhyhorn
 112,Rhydon,"['Ground', 'Rock']",485,https://pokemondb.net/pokedex/rhydon
 113,Chansey,['Normal'],450,https://pokemondb.net/pokedex/chansey
 114,Tangela,['Grass'],435,https://pokemondb.net/pokedex/tangela
 115,Kangaskhan,['Normal'],490,https://pokemondb.net/pokedex/kangaskhan
 115,KangaskhanMega Kangaskhan,['Normal'],590,https://pokemondb.net/pokedex/kangaskhan
 116,Horsea,['Water'],295,https://pokemondb.net/pokedex/horsea
 117,Seadra,['Water'],440,https://pokemondb.net/pokedex/seadra
 118,Goldeen,['Water'],320,https://pokemondb.net/pokedex/goldeen
 119,Seaking,['Water'],450,https://pokemondb.net/pokedex/seaking
 120,Staryu,['Water'],340,https://pokemondb.net/pokedex/staryu
 121,Starmie,"['Water', 'Psychic']",520,https://pokemondb.net/pokedex/starmie
 122,Mr. Mime,"['Psychic', 'Fairy']",460,https://pokemondb.net/pokedex/mr-mime
 123,Scyther,"['Bug', 'Flying']",500,https://pokemondb.net/pokedex/scyther
 124,Jynx,"['Ice', 'Psychic']",455,https://pokemondb.net/pokedex/jynx
 125,Electabuzz,['Electric'],490,https://pokemondb.net/pokedex/electabuzz
 126,Magmar,['Fire'],495,https://pokemondb.net/pokedex/magmar
 127,Pinsir,['Bug'],500,https://pokemondb.net/pokedex/pinsir
 127,PinsirMega Pinsir,"['Bug', 'Flying']",600,https://pokemondb.net/pokedex/pinsir
 128,Tauros,['Normal'],490,https://pokemondb.net/pokedex/tauros
 129,Magikarp,['Water'],200,https://pokemondb.net/pokedex/magikarp
 130,Gyarados,"['Water', 'Flying']",540,https://pokemondb.net/pokedex/gyarados
 130,GyaradosMega Gyarados,"['Water', 'Dark']",640,https://pokemondb.net/pokedex/gyarados
 131,Lapras,"['Water', 'Ice']",535,https://pokemondb.net/pokedex/lapras
 132,Ditto,['Normal'],288,https://pokemondb.net/pokedex/ditto
 133,Eevee,['Normal'],325,https://pokemondb.net/pokedex/eevee
 134,Vaporeon,['Water'],525,https://pokemondb.net/pokedex/vaporeon
 135,Jolteon,['Electric'],525,https://pokemondb.net/pokedex/jolteon
 136,Flareon,['Fire'],525,https://pokemondb.net/pokedex/flareon
 137,Porygon,['Normal'],395,https://pokemondb.net/pokedex/porygon
 138,Omanyte,"['Rock', 'Water']",355,https://pokemondb.net/pokedex/omanyte
 139,Omastar,"['Rock', 'Water']",495,https://pokemondb.net/pokedex/omastar
 140,Kabuto,"['Rock', 'Water']",355,https://pokemondb.net/pokedex/kabuto
 141,Kabutops,"['Rock', 'Water']",495,https://pokemondb.net/pokedex/kabutops
 142,Aerodactyl,"['Rock', 'Flying']",515,https://pokemondb.net/pokedex/aerodactyl
 142,AerodactylMega Aerodactyl,"['Rock', 'Flying']",615,https://pokemondb.net/pokedex/aerodactyl
 143,Snorlax,['Normal'],540,https://pokemondb.net/pokedex/snorlax
 144,Articuno,"['Ice', 'Flying']",580,https://pokemondb.net/pokedex/articuno
 145,Zapdos,"['Electric', 'Flying']",580,https://pokemondb.net/pokedex/zapdos
 146,Moltres,"['Fire', 'Flying']",580,https://pokemondb.net/pokedex/moltres
 147,Dratini,['Dragon'],300,https://pokemondb.net/pokedex/dratini
 148,Dragonair,['Dragon'],420,https://pokemondb.net/pokedex/dragonair
 149,Dragonite,"['Dragon', 'Flying']",600,https://pokemondb.net/pokedex/dragonite
 150,Mewtwo,['Psychic'],680,https://pokemondb.net/pokedex/mewtwo
 150,MewtwoMega Mewtwo X,"['Psychic', 'Fighting']",780,https://pokemondb.net/pokedex/mewtwo
 150,MewtwoMega Mewtwo Y,['Psychic'],780,https://pokemondb.net/pokedex/mewtwo
 151,Mew,['Psychic'],600,https://pokemondb.net/pokedex/mew
 152,Chikorita,['Grass'],318,https://pokemondb.net/pokedex/chikorita
 153,Bayleef,['Grass'],405,https://pokemondb.net/pokedex/bayleef
 154,Meganium,['Grass'],525,https://pokemondb.net/pokedex/meganium
 155,Cyndaquil,['Fire'],309,https://pokemondb.net/pokedex/cyndaquil
 156,Quilava,['Fire'],405,https://pokemondb.net/pokedex/quilava
 157,Typhlosion,['Fire'],534,https://pokemondb.net/pokedex/typhlosion
 158,Totodile,['Water'],314,https://pokemondb.net/pokedex/totodile
 159,Croconaw,['Water'],405,https://pokemondb.net/pokedex/croconaw
 160,Feraligatr,['Water'],530,https://pokemondb.net/pokedex/feraligatr
 161,Sentret,['Normal'],215,https://pokemondb.net/pokedex/sentret
 162,Furret,['Normal'],415,https://pokemondb.net/pokedex/furret
 163,Hoothoot,"['Normal', 'Flying']",262,https://pokemondb.net/pokedex/hoothoot
 164,Noctowl,"['Normal', 'Flying']",452,https://pokemondb.net/pokedex/noctowl
 165,Ledyba,"['Bug', 'Flying']",265,https://pokemondb.net/pokedex/ledyba
 166,Ledian,"['Bug', 'Flying']",390,https://pokemondb.net/pokedex/ledian
 167,Spinarak,"['Bug', 'Poison']",250,https://pokemondb.net/pokedex/spinarak
 168,Ariados,"['Bug', 'Poison']",400,https://pokemondb.net/pokedex/ariados
 169,Crobat,"['Poison', 'Flying']",535,https://pokemondb.net/pokedex/crobat
 170,Chinchou,"['Water', 'Electric']",330,https://pokemondb.net/pokedex/chinchou
 171,Lanturn,"['Water', 'Electric']",460,https://pokemondb.net/pokedex/lanturn
 172,Pichu,['Electric'],205,https://pokemondb.net/pokedex/pichu
 173,Cleffa,['Fairy'],218,https://pokemondb.net/pokedex/cleffa
 174,Igglybuff,"['Normal', 'Fairy']",210,https://pokemondb.net/pokedex/igglybuff
 175,Togepi,['Fairy'],245,https://pokemondb.net/pokedex/togepi
 176,Togetic,"['Fairy', 'Flying']",405,https://pokemondb.net/pokedex/togetic
 177,Natu,"['Psychic', 'Flying']",320,https://pokemondb.net/pokedex/natu
 178,Xatu,"['Psychic', 'Flying']",470,https://pokemondb.net/pokedex/xatu
 179,Mareep,['Electric'],280,https://pokemondb.net/pokedex/mareep
 180,Flaaffy,['Electric'],365,https://pokemondb.net/pokedex/flaaffy
 181,Ampharos,['Electric'],510,https://pokemondb.net/pokedex/ampharos
 181,AmpharosMega Ampharos,"['Electric', 'Dragon']",610,https://pokemondb.net/pokedex/ampharos
 182,Bellossom,['Grass'],490,https://pokemondb.net/pokedex/bellossom
 183,Marill,"['Water', 'Fairy']",250,https://pokemondb.net/pokedex/marill
 184,Azumarill,"['Water', 'Fairy']",420,https://pokemondb.net/pokedex/azumarill
 185,Sudowoodo,['Rock'],410,https://pokemondb.net/pokedex/sudowoodo
 186,Politoed,['Water'],500,https://pokemondb.net/pokedex/politoed
 187,Hoppip,"['Grass', 'Flying']",250,https://pokemondb.net/pokedex/hoppip
 188,Skiploom,"['Grass', 'Flying']",340,https://pokemondb.net/pokedex/skiploom
 189,Jumpluff,"['Grass', 'Flying']",460,https://pokemondb.net/pokedex/jumpluff
 190,Aipom,['Normal'],360,https://pokemondb.net/pokedex/aipom
 191,Sunkern,['Grass'],180,https://pokemondb.net/pokedex/sunkern
 192,Sunflora,['Grass'],425,https://pokemondb.net/pokedex/sunflora
 193,Yanma,"['Bug', 'Flying']",390,https://pokemondb.net/pokedex/yanma
 194,Wooper,"['Water', 'Ground']",210,https://pokemondb.net/pokedex/wooper
 195,Quagsire,"['Water', 'Ground']",430,https://pokemondb.net/pokedex/quagsire
 196,Espeon,['Psychic'],525,https://pokemondb.net/pokedex/espeon
 197,Umbreon,['Dark'],525,https://pokemondb.net/pokedex/umbreon
 198,Murkrow,"['Dark', 'Flying']",405,https://pokemondb.net/pokedex/murkrow
 199,Slowking,"['Water', 'Psychic']",490,https://pokemondb.net/pokedex/slowking
 200,Misdreavus,['Ghost'],435,https://pokemondb.net/pokedex/misdreavus
 201,Unown,['Psychic'],336,https://pokemondb.net/pokedex/unown
 202,Wobbuffet,['Psychic'],405,https://pokemondb.net/pokedex/wobbuffet
 203,Girafarig,"['Normal', 'Psychic']",455,https://pokemondb.net/pokedex/girafarig
 204,Pineco,['Bug'],290,https://pokemondb.net/pokedex/pineco
 205,Forretress,"['Bug', 'Steel']",465,https://pokemondb.net/pokedex/forretress
 206,Dunsparce,['Normal'],415,https://pokemondb.net/pokedex/dunsparce
 207,Gligar,"['Ground', 'Flying']",430,https://pokemondb.net/pokedex/gligar
 208,Steelix,"['Steel', 'Ground']",510,https://pokemondb.net/pokedex/steelix
 208,SteelixMega Steelix,"['Steel', 'Ground']",610,https://pokemondb.net/pokedex/steelix
 209,Snubbull,['Fairy'],300,https://pokemondb.net/pokedex/snubbull
 210,Granbull,['Fairy'],450,https://pokemondb.net/pokedex/granbull
 211,Qwilfish,"['Water', 'Poison']",440,https://pokemondb.net/pokedex/qwilfish
 212,Scizor,"['Bug', 'Steel']",500,https://pokemondb.net/pokedex/scizor
 212,ScizorMega Scizor,"['Bug', 'Steel']",600,https://pokemondb.net/pokedex/scizor
 213,Shuckle,"['Bug', 'Rock']",505,https://pokemondb.net/pokedex/shuckle
 214,Heracross,"['Bug', 'Fighting']",500,https://pokemondb.net/pokedex/heracross
 214,HeracrossMega Heracross,"['Bug', 'Fighting']",600,https://pokemondb.net/pokedex/heracross
 215,Sneasel,"['Dark', 'Ice']",430,https://pokemondb.net/pokedex/sneasel
 216,Teddiursa,['Normal'],330,https://pokemondb.net/pokedex/teddiursa
 217,Ursaring,['Normal'],500,https://pokemondb.net/pokedex/ursaring
 218,Slugma,['Fire'],250,https://pokemondb.net/pokedex/slugma
 219,Magcargo,"['Fire', 'Rock']",430,https://pokemondb.net/pokedex/magcargo
 220,Swinub,"['Ice', 'Ground']",250,https://pokemondb.net/pokedex/swinub
 221,Piloswine,"['Ice', 'Ground']",450,https://pokemondb.net/pokedex/piloswine
 222,Corsola,"['Water', 'Rock']",410,https://pokemondb.net/pokedex/corsola
 223,Remoraid,['Water'],300,https://pokemondb.net/pokedex/remoraid
 224,Octillery,['Water'],480,https://pokemondb.net/pokedex/octillery
 225,Delibird,"['Ice', 'Flying']",330,https://pokemondb.net/pokedex/delibird
 226,Mantine,"['Water', 'Flying']",485,https://pokemondb.net/pokedex/mantine
 227,Skarmory,"['Steel', 'Flying']",465,https://pokemondb.net/pokedex/skarmory
 228,Houndour,"['Dark', 'Fire']",330,https://pokemondb.net/pokedex/houndour
 229,Houndoom,"['Dark', 'Fire']",500,https://pokemondb.net/pokedex/houndoom
 229,HoundoomMega Houndoom,"['Dark', 'Fire']",600,https://pokemondb.net/pokedex/houndoom
 230,Kingdra,"['Water', 'Dragon']",540,https://pokemondb.net/pokedex/kingdra
 231,Phanpy,['Ground'],330,https://pokemondb.net/pokedex/phanpy
 232,Donphan,['Ground'],500,https://pokemondb.net/pokedex/donphan
 233,Porygon2,['Normal'],515,https://pokemondb.net/pokedex/porygon2
 234,Stantler,['Normal'],465,https://pokemondb.net/pokedex/stantler
 235,Smeargle,['Normal'],250,https://pokemondb.net/pokedex/smeargle
 236,Tyrogue,['Fighting'],210,https://pokemondb.net/pokedex/tyrogue
 237,Hitmontop,['Fighting'],455,https://pokemondb.net/pokedex/hitmontop
 238,Smoochum,"['Ice', 'Psychic']",305,https://pokemondb.net/pokedex/smoochum
 239,Elekid,['Electric'],360,https://pokemondb.net/pokedex/elekid
 240,Magby,['Fire'],365,https://pokemondb.net/pokedex/magby
 241,Miltank,['Normal'],490,https://pokemondb.net/pokedex/miltank
 242,Blissey,['Normal'],540,https://pokemondb.net/pokedex/blissey
 243,Raikou,['Electric'],580,https://pokemondb.net/pokedex/raikou
 244,Entei,['Fire'],580,https://pokemondb.net/pokedex/entei
 245,Suicune,['Water'],580,https://pokemondb.net/pokedex/suicune
 246,Larvitar,"['Rock', 'Ground']",300,https://pokemondb.net/pokedex/larvitar
 247,Pupitar,"['Rock', 'Ground']",410,https://pokemondb.net/pokedex/pupitar
 248,Tyranitar,"['Rock', 'Dark']",600,https://pokemondb.net/pokedex/tyranitar
 248,TyranitarMega Tyranitar,"['Rock', 'Dark']",700,https://pokemondb.net/pokedex/tyranitar
 249,Lugia,"['Psychic', 'Flying']",680,https://pokemondb.net/pokedex/lugia
 250,Ho-oh,"['Fire', 'Flying']",680,https://pokemondb.net/pokedex/ho-oh
 251,Celebi,"['Psychic', 'Grass']",600,https://pokemondb.net/pokedex/celebi
 252,Treecko,['Grass'],310,https://pokemondb.net/pokedex/treecko
 253,Grovyle,['Grass'],405,https://pokemondb.net/pokedex/grovyle
 254,Sceptile,['Grass'],530,https://pokemondb.net/pokedex/sceptile
 254,SceptileMega Sceptile,"['Grass', 'Dragon']",630,https://pokemondb.net/pokedex/sceptile
 255,Torchic,['Fire'],310,https://pokemondb.net/pokedex/torchic
 256,Combusken,"['Fire', 'Fighting']",405,https://pokemondb.net/pokedex/combusken
 257,Blaziken,"['Fire', 'Fighting']",530,https://pokemondb.net/pokedex/blaziken
 257,BlazikenMega Blaziken,"['Fire', 'Fighting']",630,https://pokemondb.net/pokedex/blaziken
 258,Mudkip,['Water'],310,https://pokemondb.net/pokedex/mudkip
 259,Marshtomp,"['Water', 'Ground']",405,https://pokemondb.net/pokedex/marshtomp
 260,Swampert,"['Water', 'Ground']",535,https://pokemondb.net/pokedex/swampert
 260,SwampertMega Swampert,"['Water', 'Ground']",635,https://pokemondb.net/pokedex/swampert
 261,Poochyena,['Dark'],220,https://pokemondb.net/pokedex/poochyena
 262,Mightyena,['Dark'],420,https://pokemondb.net/pokedex/mightyena
 263,Zigzagoon,['Normal'],240,https://pokemondb.net/pokedex/zigzagoon
 264,Linoone,['Normal'],420,https://pokemondb.net/pokedex/linoone
 265,Wurmple,['Bug'],195,https://pokemondb.net/pokedex/wurmple
 266,Silcoon,['Bug'],205,https://pokemondb.net/pokedex/silcoon
 267,Beautifly,"['Bug', 'Flying']",395,https://pokemondb.net/pokedex/beautifly
 268,Cascoon,['Bug'],205,https://pokemondb.net/pokedex/cascoon
 269,Dustox,"['Bug', 'Poison']",385,https://pokemondb.net/pokedex/dustox
 270,Lotad,"['Water', 'Grass']",220,https://pokemondb.net/pokedex/lotad
 271,Lombre,"['Water', 'Grass']",340,https://pokemondb.net/pokedex/lombre
 272,Ludicolo,"['Water', 'Grass']",480,https://pokemondb.net/pokedex/ludicolo
 273,Seedot,['Grass'],220,https://pokemondb.net/pokedex/seedot
 274,Nuzleaf,"['Grass', 'Dark']",340,https://pokemondb.net/pokedex/nuzleaf
 275,Shiftry,"['Grass', 'Dark']",480,https://pokemondb.net/pokedex/shiftry
 276,Taillow,"['Normal', 'Flying']",270,https://pokemondb.net/pokedex/taillow
 277,Swellow,"['Normal', 'Flying']",455,https://pokemondb.net/pokedex/swellow
 278,Wingull,"['Water', 'Flying']",270,https://pokemondb.net/pokedex/wingull
 279,Pelipper,"['Water', 'Flying']",440,https://pokemondb.net/pokedex/pelipper
 280,Ralts,"['Psychic', 'Fairy']",198,https://pokemondb.net/pokedex/ralts
 281,Kirlia,"['Psychic', 'Fairy']",278,https://pokemondb.net/pokedex/kirlia
 282,Gardevoir,"['Psychic', 'Fairy']",518,https://pokemondb.net/pokedex/gardevoir
 282,GardevoirMega Gardevoir,"['Psychic', 'Fairy']",618,https://pokemondb.net/pokedex/gardevoir
 283,Surskit,"['Bug', 'Water']",269,https://pokemondb.net/pokedex/surskit
 284,Masquerain,"['Bug', 'Flying']",454,https://pokemondb.net/pokedex/masquerain
 285,Shroomish,['Grass'],295,https://pokemondb.net/pokedex/shroomish
 286,Breloom,"['Grass', 'Fighting']",460,https://pokemondb.net/pokedex/breloom
 287,Slakoth,['Normal'],280,https://pokemondb.net/pokedex/slakoth
 288,Vigoroth,['Normal'],440,https://pokemondb.net/pokedex/vigoroth
 289,Slaking,['Normal'],670,https://pokemondb.net/pokedex/slaking
 290,Nincada,"['Bug', 'Ground']",266,https://pokemondb.net/pokedex/nincada
 291,Ninjask,"['Bug', 'Flying']",456,https://pokemondb.net/pokedex/ninjask
 292,Shedinja,"['Bug', 'Ghost']",236,https://pokemondb.net/pokedex/shedinja
 293,Whismur,['Normal'],240,https://pokemondb.net/pokedex/whismur
 294,Loudred,['Normal'],360,https://pokemondb.net/pokedex/loudred
 295,Exploud,['Normal'],490,https://pokemondb.net/pokedex/exploud
 296,Makuhita,['Fighting'],237,https://pokemondb.net/pokedex/makuhita
 297,Hariyama,['Fighting'],474,https://pokemondb.net/pokedex/hariyama
 298,Azurill,"['Normal', 'Fairy']",190,https://pokemondb.net/pokedex/azurill
 299,Nosepass,['Rock'],375,https://pokemondb.net/pokedex/nosepass
 300,Skitty,['Normal'],260,https://pokemondb.net/pokedex/skitty
 301,Delcatty,['Normal'],400,https://pokemondb.net/pokedex/delcatty
 302,Sableye,"['Dark', 'Ghost']",380,https://pokemondb.net/pokedex/sableye
 302,SableyeMega Sableye,"['Dark', 'Ghost']",480,https://pokemondb.net/pokedex/sableye
 303,Mawile,"['Steel', 'Fairy']",380,https://pokemondb.net/pokedex/mawile
 303,MawileMega Mawile,"['Steel', 'Fairy']",480,https://pokemondb.net/pokedex/mawile
 304,Aron,"['Steel', 'Rock']",330,https://pokemondb.net/pokedex/aron
 305,Lairon,"['Steel', 'Rock']",430,https://pokemondb.net/pokedex/lairon
 306,Aggron,"['Steel', 'Rock']",530,https://pokemondb.net/pokedex/aggron
 306,AggronMega Aggron,['Steel'],630,https://pokemondb.net/pokedex/aggron
 307,Meditite,"['Fighting', 'Psychic']",280,https://pokemondb.net/pokedex/meditite
 308,Medicham,"['Fighting', 'Psychic']",410,https://pokemondb.net/pokedex/medicham
 308,MedichamMega Medicham,"['Fighting', 'Psychic']",510,https://pokemondb.net/pokedex/medicham
 309,Electrike,['Electric'],295,https://pokemondb.net/pokedex/electrike
 310,Manectric,['Electric'],475,https://pokemondb.net/pokedex/manectric
 310,ManectricMega Manectric,['Electric'],575,https://pokemondb.net/pokedex/manectric
 311,Plusle,['Electric'],405,https://pokemondb.net/pokedex/plusle
 312,Minun,['Electric'],405,https://pokemondb.net/pokedex/minun
 313,Volbeat,['Bug'],430,https://pokemondb.net/pokedex/volbeat
 314,Illumise,['Bug'],430,https://pokemondb.net/pokedex/illumise
 315,Roselia,"['Grass', 'Poison']",400,https://pokemondb.net/pokedex/roselia
 316,Gulpin,['Poison'],302,https://pokemondb.net/pokedex/gulpin
 317,Swalot,['Poison'],467,https://pokemondb.net/pokedex/swalot
 318,Carvanha,"['Water', 'Dark']",305,https://pokemondb.net/pokedex/carvanha
 319,Sharpedo,"['Water', 'Dark']",460,https://pokemondb.net/pokedex/sharpedo
 319,SharpedoMega Sharpedo,"['Water', 'Dark']",560,https://pokemondb.net/pokedex/sharpedo
 320,Wailmer,['Water'],400,https://pokemondb.net/pokedex/wailmer
 321,Wailord,['Water'],500,https://pokemondb.net/pokedex/wailord
 322,Numel,"['Fire', 'Ground']",305,https://pokemondb.net/pokedex/numel
 323,Camerupt,"['Fire', 'Ground']",460,https://pokemondb.net/pokedex/camerupt
 323,CameruptMega Camerupt,"['Fire', 'Ground']",560,https://pokemondb.net/pokedex/camerupt
 324,Torkoal,['Fire'],470,https://pokemondb.net/pokedex/torkoal
 325,Spoink,['Psychic'],330,https://pokemondb.net/pokedex/spoink
 326,Grumpig,['Psychic'],470,https://pokemondb.net/pokedex/grumpig
 327,Spinda,['Normal'],360,https://pokemondb.net/pokedex/spinda
 328,Trapinch,['Ground'],290,https://pokemondb.net/pokedex/trapinch
 329,Vibrava,"['Ground', 'Dragon']",340,https://pokemondb.net/pokedex/vibrava
 330,Flygon,"['Ground', 'Dragon']",520,https://pokemondb.net/pokedex/flygon
 331,Cacnea,['Grass'],335,https://pokemondb.net/pokedex/cacnea
 332,Cacturne,"['Grass', 'Dark']",475,https://pokemondb.net/pokedex/cacturne
 333,Swablu,"['Normal', 'Flying']",310,https://pokemondb.net/pokedex/swablu
 334,Altaria,"['Dragon', 'Flying']",490,https://pokemondb.net/pokedex/altaria
 334,AltariaMega Altaria,"['Dragon', 'Fairy']",590,https://pokemondb.net/pokedex/altaria
 335,Zangoose,['Normal'],458,https://pokemondb.net/pokedex/zangoose
 336,Seviper,['Poison'],458,https://pokemondb.net/pokedex/seviper
 337,Lunatone,"['Rock', 'Psychic']",460,https://pokemondb.net/pokedex/lunatone
 338,Solrock,"['Rock', 'Psychic']",460,https://pokemondb.net/pokedex/solrock
 339,Barboach,"['Water', 'Ground']",288,https://pokemondb.net/pokedex/barboach
 340,Whiscash,"['Water', 'Ground']",468,https://pokemondb.net/pokedex/whiscash
 341,Corphish,['Water'],308,https://pokemondb.net/pokedex/corphish
 342,Crawdaunt,"['Water', 'Dark']",468,https://pokemondb.net/pokedex/crawdaunt
 343,Baltoy,"['Ground', 'Psychic']",300,https://pokemondb.net/pokedex/baltoy
 344,Claydol,"['Ground', 'Psychic']",500,https://pokemondb.net/pokedex/claydol
 345,Lileep,"['Rock', 'Grass']",355,https://pokemondb.net/pokedex/lileep
 346,Cradily,"['Rock', 'Grass']",495,https://pokemondb.net/pokedex/cradily
 347,Anorith,"['Rock', 'Bug']",355,https://pokemondb.net/pokedex/anorith
 348,Armaldo,"['Rock', 'Bug']",495,https://pokemondb.net/pokedex/armaldo
 349,Feebas,['Water'],200,https://pokemondb.net/pokedex/feebas
 350,Milotic,['Water'],540,https://pokemondb.net/pokedex/milotic
 351,Castform,['Normal'],420,https://pokemondb.net/pokedex/castform
 352,Kecleon,['Normal'],440,https://pokemondb.net/pokedex/kecleon
 353,Shuppet,['Ghost'],295,https://pokemondb.net/pokedex/shuppet
 354,Banette,['Ghost'],455,https://pokemondb.net/pokedex/banette
 354,BanetteMega Banette,['Ghost'],555,https://pokemondb.net/pokedex/banette
 355,Duskull,['Ghost'],295,https://pokemondb.net/pokedex/duskull
 356,Dusclops,['Ghost'],455,https://pokemondb.net/pokedex/dusclops
 357,Tropius,"['Grass', 'Flying']",460,https://pokemondb.net/pokedex/tropius
 358,Chimecho,['Psychic'],455,https://pokemondb.net/pokedex/chimecho
 359,Absol,['Dark'],465,https://pokemondb.net/pokedex/absol
 359,AbsolMega Absol,['Dark'],565,https://pokemondb.net/pokedex/absol
 360,Wynaut,['Psychic'],260,https://pokemondb.net/pokedex/wynaut
 361,Snorunt,['Ice'],300,https://pokemondb.net/pokedex/snorunt
 362,Glalie,['Ice'],480,https://pokemondb.net/pokedex/glalie
 362,GlalieMega Glalie,['Ice'],580,https://pokemondb.net/pokedex/glalie
 363,Spheal,"['Ice', 'Water']",290,https://pokemondb.net/pokedex/spheal
 364,Sealeo,"['Ice', 'Water']",410,https://pokemondb.net/pokedex/sealeo
 365,Walrein,"['Ice', 'Water']",530,https://pokemondb.net/pokedex/walrein
 366,Clamperl,['Water'],345,https://pokemondb.net/pokedex/clamperl
 367,Huntail,['Water'],485,https://pokemondb.net/pokedex/huntail
 368,Gorebyss,['Water'],485,https://pokemondb.net/pokedex/gorebyss
 369,Relicanth,"['Water', 'Rock']",485,https://pokemondb.net/pokedex/relicanth
 370,Luvdisc,['Water'],330,https://pokemondb.net/pokedex/luvdisc
 371,Bagon,['Dragon'],300,https://pokemondb.net/pokedex/bagon
 372,Shelgon,['Dragon'],420,https://pokemondb.net/pokedex/shelgon
 373,Salamence,"['Dragon', 'Flying']",600,https://pokemondb.net/pokedex/salamence
 373,SalamenceMega Salamence,"['Dragon', 'Flying']",700,https://pokemondb.net/pokedex/salamence
 374,Beldum,"['Steel', 'Psychic']",300,https://pokemondb.net/pokedex/beldum
 375,Metang,"['Steel', 'Psychic']",420,https://pokemondb.net/pokedex/metang
 376,Metagross,"['Steel', 'Psychic']",600,https://pokemondb.net/pokedex/metagross
 376,MetagrossMega Metagross,"['Steel', 'Psychic']",700,https://pokemondb.net/pokedex/metagross
 377,Regirock,['Rock'],580,https://pokemondb.net/pokedex/regirock
 378,Regice,['Ice'],580,https://pokemondb.net/pokedex/regice
 379,Registeel,['Steel'],580,https://pokemondb.net/pokedex/registeel
 380,Latias,"['Dragon', 'Psychic']",600,https://pokemondb.net/pokedex/latias
 380,LatiasMega Latias,"['Dragon', 'Psychic']",700,https://pokemondb.net/pokedex/latias
 381,Latios,"['Dragon', 'Psychic']",600,https://pokemondb.net/pokedex/latios
 381,LatiosMega Latios,"['Dragon', 'Psychic']",700,https://pokemondb.net/pokedex/latios
 382,Kyogre,['Water'],670,https://pokemondb.net/pokedex/kyogre
 382,KyogrePrimal Kyogre,['Water'],770,https://pokemondb.net/pokedex/kyogre
 383,Groudon,['Ground'],670,https://pokemondb.net/pokedex/groudon
 383,GroudonPrimal Groudon,"['Ground', 'Fire']",770,https://pokemondb.net/pokedex/groudon
 384,Rayquaza,"['Dragon', 'Flying']",680,https://pokemondb.net/pokedex/rayquaza
 384,RayquazaMega Rayquaza,"['Dragon', 'Flying']",780,https://pokemondb.net/pokedex/rayquaza
 385,Jirachi,"['Steel', 'Psychic']",600,https://pokemondb.net/pokedex/jirachi
 386,DeoxysNormal Forme,['Psychic'],600,https://pokemondb.net/pokedex/deoxys
 386,DeoxysAttack Forme,['Psychic'],600,https://pokemondb.net/pokedex/deoxys
 386,DeoxysDefense Forme,['Psychic'],600,https://pokemondb.net/pokedex/deoxys
 386,DeoxysSpeed Forme,['Psychic'],600,https://pokemondb.net/pokedex/deoxys
 387,Turtwig,['Grass'],318,https://pokemondb.net/pokedex/turtwig
 388,Grotle,['Grass'],405,https://pokemondb.net/pokedex/grotle
 389,Torterra,"['Grass', 'Ground']",525,https://pokemondb.net/pokedex/torterra
 390,Chimchar,['Fire'],309,https://pokemondb.net/pokedex/chimchar
 391,Monferno,"['Fire', 'Fighting']",405,https://pokemondb.net/pokedex/monferno
 392,Infernape,"['Fire', 'Fighting']",534,https://pokemondb.net/pokedex/infernape
 393,Piplup,['Water'],314,https://pokemondb.net/pokedex/piplup
 394,Prinplup,['Water'],405,https://pokemondb.net/pokedex/prinplup
 395,Empoleon,"['Water', 'Steel']",530,https://pokemondb.net/pokedex/empoleon
 396,Starly,"['Normal', 'Flying']",245,https://pokemondb.net/pokedex/starly
 397,Staravia,"['Normal', 'Flying']",340,https://pokemondb.net/pokedex/staravia
 398,Staraptor,"['Normal', 'Flying']",485,https://pokemondb.net/pokedex/staraptor
 399,Bidoof,['Normal'],250,https://pokemondb.net/pokedex/bidoof
 400,Bibarel,"['Normal', 'Water']",410,https://pokemondb.net/pokedex/bibarel
 401,Kricketot,['Bug'],194,https://pokemondb.net/pokedex/kricketot
 402,Kricketune,['Bug'],384,https://pokemondb.net/pokedex/kricketune
 403,Shinx,['Electric'],263,https://pokemondb.net/pokedex/shinx
 404,Luxio,['Electric'],363,https://pokemondb.net/pokedex/luxio
 405,Luxray,['Electric'],523,https://pokemondb.net/pokedex/luxray
 406,Budew,"['Grass', 'Poison']",280,https://pokemondb.net/pokedex/budew
 407,Roserade,"['Grass', 'Poison']",515,https://pokemondb.net/pokedex/roserade
 408,Cranidos,['Rock'],350,https://pokemondb.net/pokedex/cranidos
 409,Rampardos,['Rock'],495,https://pokemondb.net/pokedex/rampardos
 410,Shieldon,"['Rock', 'Steel']",350,https://pokemondb.net/pokedex/shieldon
 411,Bastiodon,"['Rock', 'Steel']",495,https://pokemondb.net/pokedex/bastiodon
 412,Burmy,['Bug'],224,https://pokemondb.net/pokedex/burmy
 413,WormadamPlant Cloak,"['Bug', 'Grass']",424,https://pokemondb.net/pokedex/wormadam
 413,WormadamSandy Cloak,"['Bug', 'Ground']",424,https://pokemondb.net/pokedex/wormadam
 413,WormadamTrash Cloak,"['Bug', 'Steel']",424,https://pokemondb.net/pokedex/wormadam
 414,Mothim,"['Bug', 'Flying']",424,https://pokemondb.net/pokedex/mothim
 415,Combee,"['Bug', 'Flying']",244,https://pokemondb.net/pokedex/combee
 416,Vespiquen,"['Bug', 'Flying']",474,https://pokemondb.net/pokedex/vespiquen
 417,Pachirisu,['Electric'],405,https://pokemondb.net/pokedex/pachirisu
 418,Buizel,['Water'],330,https://pokemondb.net/pokedex/buizel
 419,Floatzel,['Water'],495,https://pokemondb.net/pokedex/floatzel
 420,Cherubi,['Grass'],275,https://pokemondb.net/pokedex/cherubi
 421,Cherrim,['Grass'],450,https://pokemondb.net/pokedex/cherrim
 422,Shellos,['Water'],325,https://pokemondb.net/pokedex/shellos
 423,Gastrodon,"['Water', 'Ground']",475,https://pokemondb.net/pokedex/gastrodon
 424,Ambipom,['Normal'],482,https://pokemondb.net/pokedex/ambipom
 425,Drifloon,"['Ghost', 'Flying']",348,https://pokemondb.net/pokedex/drifloon
 426,Drifblim,"['Ghost', 'Flying']",498,https://pokemondb.net/pokedex/drifblim
 427,Buneary,['Normal'],350,https://pokemondb.net/pokedex/buneary
 428,Lopunny,['Normal'],480,https://pokemondb.net/pokedex/lopunny
 428,LopunnyMega Lopunny,"['Normal', 'Fighting']",580,https://pokemondb.net/pokedex/lopunny
 429,Mismagius,['Ghost'],495,https://pokemondb.net/pokedex/mismagius
 430,Honchkrow,"['Dark', 'Flying']",505,https://pokemondb.net/pokedex/honchkrow
 431,Glameow,['Normal'],310,https://pokemondb.net/pokedex/glameow
 432,Purugly,['Normal'],452,https://pokemondb.net/pokedex/purugly
 433,Chingling,['Psychic'],285,https://pokemondb.net/pokedex/chingling
 434,Stunky,"['Poison', 'Dark']",329,https://pokemondb.net/pokedex/stunky
 435,Skuntank,"['Poison', 'Dark']",479,https://pokemondb.net/pokedex/skuntank
 436,Bronzor,"['Steel', 'Psychic']",300,https://pokemondb.net/pokedex/bronzor
 437,Bronzong,"['Steel', 'Psychic']",500,https://pokemondb.net/pokedex/bronzong
 438,Bonsly,['Rock'],290,https://pokemondb.net/pokedex/bonsly
 439,Mime Jr.,"['Psychic', 'Fairy']",310,https://pokemondb.net/pokedex/mime-jr
 440,Happiny,['Normal'],220,https://pokemondb.net/pokedex/happiny
 441,Chatot,"['Normal', 'Flying']",411,https://pokemondb.net/pokedex/chatot
 442,Spiritomb,"['Ghost', 'Dark']",485,https://pokemondb.net/pokedex/spiritomb
 443,Gible,"['Dragon', 'Ground']",300,https://pokemondb.net/pokedex/gible
 444,Gabite,"['Dragon', 'Ground']",410,https://pokemondb.net/pokedex/gabite
 445,Garchomp,"['Dragon', 'Ground']",600,https://pokemondb.net/pokedex/garchomp
 445,GarchompMega Garchomp,"['Dragon', 'Ground']",700,https://pokemondb.net/pokedex/garchomp
 446,Munchlax,['Normal'],390,https://pokemondb.net/pokedex/munchlax
 447,Riolu,['Fighting'],285,https://pokemondb.net/pokedex/riolu
 448,Lucario,"['Fighting', 'Steel']",525,https://pokemondb.net/pokedex/lucario
 448,LucarioMega Lucario,"['Fighting', 'Steel']",625,https://pokemondb.net/pokedex/lucario
 449,Hippopotas,['Ground'],330,https://pokemondb.net/pokedex/hippopotas
 450,Hippowdon,['Ground'],525,https://pokemondb.net/pokedex/hippowdon
 451,Skorupi,"['Poison', 'Bug']",330,https://pokemondb.net/pokedex/skorupi
 452,Drapion,"['Poison', 'Dark']",500,https://pokemondb.net/pokedex/drapion
 453,Croagunk,"['Poison', 'Fighting']",300,https://pokemondb.net/pokedex/croagunk
 454,Toxicroak,"['Poison', 'Fighting']",490,https://pokemondb.net/pokedex/toxicroak
 455,Carnivine,['Grass'],454,https://pokemondb.net/pokedex/carnivine
 456,Finneon,['Water'],330,https://pokemondb.net/pokedex/finneon
 457,Lumineon,['Water'],460,https://pokemondb.net/pokedex/lumineon
 458,Mantyke,"['Water', 'Flying']",345,https://pokemondb.net/pokedex/mantyke
 459,Snover,"['Grass', 'Ice']",334,https://pokemondb.net/pokedex/snover
 460,Abomasnow,"['Grass', 'Ice']",494,https://pokemondb.net/pokedex/abomasnow
 460,AbomasnowMega Abomasnow,"['Grass', 'Ice']",594,https://pokemondb.net/pokedex/abomasnow
 461,Weavile,"['Dark', 'Ice']",510,https://pokemondb.net/pokedex/weavile
 462,Magnezone,"['Electric', 'Steel']",535,https://pokemondb.net/pokedex/magnezone
 463,Lickilicky,['Normal'],515,https://pokemondb.net/pokedex/lickilicky
 464,Rhyperior,"['Ground', 'Rock']",535,https://pokemondb.net/pokedex/rhyperior
 465,Tangrowth,['Grass'],535,https://pokemondb.net/pokedex/tangrowth
 466,Electivire,['Electric'],540,https://pokemondb.net/pokedex/electivire
 467,Magmortar,['Fire'],540,https://pokemondb.net/pokedex/magmortar
 468,Togekiss,"['Fairy', 'Flying']",545,https://pokemondb.net/pokedex/togekiss
 469,Yanmega,"['Bug', 'Flying']",515,https://pokemondb.net/pokedex/yanmega
 470,Leafeon,['Grass'],525,https://pokemondb.net/pokedex/leafeon
 471,Glaceon,['Ice'],525,https://pokemondb.net/pokedex/glaceon
 472,Gliscor,"['Ground', 'Flying']",510,https://pokemondb.net/pokedex/gliscor
 473,Mamoswine,"['Ice', 'Ground']",530,https://pokemondb.net/pokedex/mamoswine
 474,Porygon-Z,['Normal'],535,https://pokemondb.net/pokedex/porygon-z
 475,Gallade,"['Psychic', 'Fighting']",518,https://pokemondb.net/pokedex/gallade
 475,GalladeMega Gallade,"['Psychic', 'Fighting']",618,https://pokemondb.net/pokedex/gallade
 476,Probopass,"['Rock', 'Steel']",525,https://pokemondb.net/pokedex/probopass
 477,Dusknoir,['Ghost'],525,https://pokemondb.net/pokedex/dusknoir
 478,Froslass,"['Ice', 'Ghost']",480,https://pokemondb.net/pokedex/froslass
 479,Rotom,"['Electric', 'Ghost']",440,https://pokemondb.net/pokedex/rotom
 479,RotomHeat Rotom,"['Electric', 'Fire']",520,https://pokemondb.net/pokedex/rotom
 479,RotomWash Rotom,"['Electric', 'Water']",520,https://pokemondb.net/pokedex/rotom
 479,RotomFrost Rotom,"['Electric', 'Ice']",520,https://pokemondb.net/pokedex/rotom
 479,RotomFan Rotom,"['Electric', 'Flying']",520,https://pokemondb.net/pokedex/rotom
 479,RotomMow Rotom,"['Electric', 'Grass']",520,https://pokemondb.net/pokedex/rotom
 480,Uxie,['Psychic'],580,https://pokemondb.net/pokedex/uxie
 481,Mesprit,['Psychic'],580,https://pokemondb.net/pokedex/mesprit
 482,Azelf,['Psychic'],580,https://pokemondb.net/pokedex/azelf
 483,Dialga,"['Steel', 'Dragon']",680,https://pokemondb.net/pokedex/dialga
 484,Palkia,"['Water', 'Dragon']",680,https://pokemondb.net/pokedex/palkia
 485,Heatran,"['Fire', 'Steel']",600,https://pokemondb.net/pokedex/heatran
 486,Regigigas,['Normal'],670,https://pokemondb.net/pokedex/regigigas
 487,GiratinaAltered Forme,"['Ghost', 'Dragon']",680,https://pokemondb.net/pokedex/giratina
 487,GiratinaOrigin Forme,"['Ghost', 'Dragon']",680,https://pokemondb.net/pokedex/giratina
 488,Cresselia,['Psychic'],600,https://pokemondb.net/pokedex/cresselia
 489,Phione,['Water'],480,https://pokemondb.net/pokedex/phione
 490,Manaphy,['Water'],600,https://pokemondb.net/pokedex/manaphy
 491,Darkrai,['Dark'],600,https://pokemondb.net/pokedex/darkrai
 492,ShayminLand Forme,['Grass'],600,https://pokemondb.net/pokedex/shaymin
 492,ShayminSky Forme,"['Grass', 'Flying']",600,https://pokemondb.net/pokedex/shaymin
 493,Arceus,['Normal'],720,https://pokemondb.net/pokedex/arceus
 494,Victini,"['Psychic', 'Fire']",600,https://pokemondb.net/pokedex/victini
 495,Snivy,['Grass'],308,https://pokemondb.net/pokedex/snivy
 496,Servine,['Grass'],413,https://pokemondb.net/pokedex/servine
 497,Serperior,['Grass'],528,https://pokemondb.net/pokedex/serperior
 498,Tepig,['Fire'],308,https://pokemondb.net/pokedex/tepig
 499,Pignite,"['Fire', 'Fighting']",418,https://pokemondb.net/pokedex/pignite
 500,Emboar,"['Fire', 'Fighting']",528,https://pokemondb.net/pokedex/emboar
 501,Oshawott,['Water'],308,https://pokemondb.net/pokedex/oshawott
 502,Dewott,['Water'],413,https://pokemondb.net/pokedex/dewott
 503,Samurott,['Water'],528,https://pokemondb.net/pokedex/samurott
 504,Patrat,['Normal'],255,https://pokemondb.net/pokedex/patrat
 505,Watchog,['Normal'],420,https://pokemondb.net/pokedex/watchog
 506,Lillipup,['Normal'],275,https://pokemondb.net/pokedex/lillipup
 507,Herdier,['Normal'],370,https://pokemondb.net/pokedex/herdier
 508,Stoutland,['Normal'],500,https://pokemondb.net/pokedex/stoutland
 509,Purrloin,['Dark'],281,https://pokemondb.net/pokedex/purrloin
 510,Liepard,['Dark'],446,https://pokemondb.net/pokedex/liepard
 511,Pansage,['Grass'],316,https://pokemondb.net/pokedex/pansage
 512,Simisage,['Grass'],498,https://pokemondb.net/pokedex/simisage
 513,Pansear,['Fire'],316,https://pokemondb.net/pokedex/pansear
 514,Simisear,['Fire'],498,https://pokemondb.net/pokedex/simisear
 515,Panpour,['Water'],316,https://pokemondb.net/pokedex/panpour
 516,Simipour,['Water'],498,https://pokemondb.net/pokedex/simipour
 517,Munna,['Psychic'],292,https://pokemondb.net/pokedex/munna
 518,Musharna,['Psychic'],487,https://pokemondb.net/pokedex/musharna
 519,Pidove,"['Normal', 'Flying']",264,https://pokemondb.net/pokedex/pidove
 520,Tranquill,"['Normal', 'Flying']",358,https://pokemondb.net/pokedex/tranquill
 521,Unfezant,"['Normal', 'Flying']",488,https://pokemondb.net/pokedex/unfezant
 522,Blitzle,['Electric'],295,https://pokemondb.net/pokedex/blitzle
 523,Zebstrika,['Electric'],497,https://pokemondb.net/pokedex/zebstrika
 524,Roggenrola,['Rock'],280,https://pokemondb.net/pokedex/roggenrola
 525,Boldore,['Rock'],390,https://pokemondb.net/pokedex/boldore
 526,Gigalith,['Rock'],515,https://pokemondb.net/pokedex/gigalith
 527,Woobat,"['Psychic', 'Flying']",323,https://pokemondb.net/pokedex/woobat
 528,Swoobat,"['Psychic', 'Flying']",425,https://pokemondb.net/pokedex/swoobat
 529,Drilbur,['Ground'],328,https://pokemondb.net/pokedex/drilbur
 530,Excadrill,"['Ground', 'Steel']",508,https://pokemondb.net/pokedex/excadrill
 531,Audino,['Normal'],445,https://pokemondb.net/pokedex/audino
 531,AudinoMega Audino,"['Normal', 'Fairy']",545,https://pokemondb.net/pokedex/audino
 532,Timburr,['Fighting'],305,https://pokemondb.net/pokedex/timburr
 533,Gurdurr,['Fighting'],405,https://pokemondb.net/pokedex/gurdurr
 534,Conkeldurr,['Fighting'],505,https://pokemondb.net/pokedex/conkeldurr
 535,Tympole,['Water'],294,https://pokemondb.net/pokedex/tympole
 536,Palpitoad,"['Water', 'Ground']",384,https://pokemondb.net/pokedex/palpitoad
 537,Seismitoad,"['Water', 'Ground']",509,https://pokemondb.net/pokedex/seismitoad
 538,Throh,['Fighting'],465,https://pokemondb.net/pokedex/throh
 539,Sawk,['Fighting'],465,https://pokemondb.net/pokedex/sawk
 540,Sewaddle,"['Bug', 'Grass']",310,https://pokemondb.net/pokedex/sewaddle
 541,Swadloon,"['Bug', 'Grass']",380,https://pokemondb.net/pokedex/swadloon
 542,Leavanny,"['Bug', 'Grass']",500,https://pokemondb.net/pokedex/leavanny
 543,Venipede,"['Bug', 'Poison']",260,https://pokemondb.net/pokedex/venipede
 544,Whirlipede,"['Bug', 'Poison']",360,https://pokemondb.net/pokedex/whirlipede
 545,Scolipede,"['Bug', 'Poison']",485,https://pokemondb.net/pokedex/scolipede
 546,Cottonee,"['Grass', 'Fairy']",280,https://pokemondb.net/pokedex/cottonee
 547,Whimsicott,"['Grass', 'Fairy']",480,https://pokemondb.net/pokedex/whimsicott
 548,Petilil,['Grass'],280,https://pokemondb.net/pokedex/petilil
 549,Lilligant,['Grass'],480,https://pokemondb.net/pokedex/lilligant
 550,Basculin,['Water'],460,https://pokemondb.net/pokedex/basculin
 551,Sandile,"['Ground', 'Dark']",292,https://pokemondb.net/pokedex/sandile
 552,Krokorok,"['Ground', 'Dark']",351,https://pokemondb.net/pokedex/krokorok
 553,Krookodile,"['Ground', 'Dark']",519,https://pokemondb.net/pokedex/krookodile
 554,Darumaka,['Fire'],315,https://pokemondb.net/pokedex/darumaka
 555,DarmanitanStandard Mode,['Fire'],480,https://pokemondb.net/pokedex/darmanitan
 555,DarmanitanZen Mode,"['Fire', 'Psychic']",540,https://pokemondb.net/pokedex/darmanitan
 556,Maractus,['Grass'],461,https://pokemondb.net/pokedex/maractus
 557,Dwebble,"['Bug', 'Rock']",325,https://pokemondb.net/pokedex/dwebble
 558,Crustle,"['Bug', 'Rock']",485,https://pokemondb.net/pokedex/crustle
 559,Scraggy,"['Dark', 'Fighting']",348,https://pokemondb.net/pokedex/scraggy
 560,Scrafty,"['Dark', 'Fighting']",488,https://pokemondb.net/pokedex/scrafty
 561,Sigilyph,"['Psychic', 'Flying']",490,https://pokemondb.net/pokedex/sigilyph
 562,Yamask,['Ghost'],303,https://pokemondb.net/pokedex/yamask
 563,Cofagrigus,['Ghost'],483,https://pokemondb.net/pokedex/cofagrigus
 564,Tirtouga,"['Water', 'Rock']",355,https://pokemondb.net/pokedex/tirtouga
 565,Carracosta,"['Water', 'Rock']",495,https://pokemondb.net/pokedex/carracosta
 566,Archen,"['Rock', 'Flying']",401,https://pokemondb.net/pokedex/archen
 567,Archeops,"['Rock', 'Flying']",567,https://pokemondb.net/pokedex/archeops
 568,Trubbish,['Poison'],329,https://pokemondb.net/pokedex/trubbish
 569,Garbodor,['Poison'],474,https://pokemondb.net/pokedex/garbodor
 570,Zorua,['Dark'],330,https://pokemondb.net/pokedex/zorua
 571,Zoroark,['Dark'],510,https://pokemondb.net/pokedex/zoroark
 572,Minccino,['Normal'],300,https://pokemondb.net/pokedex/minccino
 573,Cinccino,['Normal'],470,https://pokemondb.net/pokedex/cinccino
 574,Gothita,['Psychic'],290,https://pokemondb.net/pokedex/gothita
 575,Gothorita,['Psychic'],390,https://pokemondb.net/pokedex/gothorita
 576,Gothitelle,['Psychic'],490,https://pokemondb.net/pokedex/gothitelle
 577,Solosis,['Psychic'],290,https://pokemondb.net/pokedex/solosis
 578,Duosion,['Psychic'],370,https://pokemondb.net/pokedex/duosion
 579,Reuniclus,['Psychic'],490,https://pokemondb.net/pokedex/reuniclus
 580,Ducklett,"['Water', 'Flying']",305,https://pokemondb.net/pokedex/ducklett
 581,Swanna,"['Water', 'Flying']",473,https://pokemondb.net/pokedex/swanna
 582,Vanillite,['Ice'],305,https://pokemondb.net/pokedex/vanillite
 583,Vanillish,['Ice'],395,https://pokemondb.net/pokedex/vanillish
 584,Vanilluxe,['Ice'],535,https://pokemondb.net/pokedex/vanilluxe
 585,Deerling,"['Normal', 'Grass']",335,https://pokemondb.net/pokedex/deerling
 586,Sawsbuck,"['Normal', 'Grass']",475,https://pokemondb.net/pokedex/sawsbuck
 587,Emolga,"['Electric', 'Flying']",428,https://pokemondb.net/pokedex/emolga
 588,Karrablast,['Bug'],315,https://pokemondb.net/pokedex/karrablast
 589,Escavalier,"['Bug', 'Steel']",495,https://pokemondb.net/pokedex/escavalier
 590,Foongus,"['Grass', 'Poison']",294,https://pokemondb.net/pokedex/foongus
 591,Amoonguss,"['Grass', 'Poison']",464,https://pokemondb.net/pokedex/amoonguss
 592,Frillish,"['Water', 'Ghost']",335,https://pokemondb.net/pokedex/frillish
 593,Jellicent,"['Water', 'Ghost']",480,https://pokemondb.net/pokedex/jellicent
 594,Alomomola,['Water'],470,https://pokemondb.net/pokedex/alomomola
 595,Joltik,"['Bug', 'Electric']",319,https://pokemondb.net/pokedex/joltik
 596,Galvantula,"['Bug', 'Electric']",472,https://pokemondb.net/pokedex/galvantula
 597,Ferroseed,"['Grass', 'Steel']",305,https://pokemondb.net/pokedex/ferroseed
 598,Ferrothorn,"['Grass', 'Steel']",489,https://pokemondb.net/pokedex/ferrothorn
 599,Klink,['Steel'],300,https://pokemondb.net/pokedex/klink
 600,Klang,['Steel'],440,https://pokemondb.net/pokedex/klang
 601,Klinklang,['Steel'],520,https://pokemondb.net/pokedex/klinklang
 602,Tynamo,['Electric'],275,https://pokemondb.net/pokedex/tynamo
 603,Eelektrik,['Electric'],405,https://pokemondb.net/pokedex/eelektrik
 604,Eelektross,['Electric'],515,https://pokemondb.net/pokedex/eelektross
 605,Elgyem,['Psychic'],335,https://pokemondb.net/pokedex/elgyem
 606,Beheeyem,['Psychic'],485,https://pokemondb.net/pokedex/beheeyem
 607,Litwick,"['Ghost', 'Fire']",275,https://pokemondb.net/pokedex/litwick
 608,Lampent,"['Ghost', 'Fire']",370,https://pokemondb.net/pokedex/lampent
 609,Chandelure,"['Ghost', 'Fire']",520,https://pokemondb.net/pokedex/chandelure
 610,Axew,['Dragon'],320,https://pokemondb.net/pokedex/axew
 611,Fraxure,['Dragon'],410,https://pokemondb.net/pokedex/fraxure
 612,Haxorus,['Dragon'],540,https://pokemondb.net/pokedex/haxorus
 613,Cubchoo,['Ice'],305,https://pokemondb.net/pokedex/cubchoo
 614,Beartic,['Ice'],505,https://pokemondb.net/pokedex/beartic
 615,Cryogonal,['Ice'],515,https://pokemondb.net/pokedex/cryogonal
 616,Shelmet,['Bug'],305,https://pokemondb.net/pokedex/shelmet
 617,Accelgor,['Bug'],495,https://pokemondb.net/pokedex/accelgor
 618,Stunfisk,"['Ground', 'Electric']",471,https://pokemondb.net/pokedex/stunfisk
 619,Mienfoo,['Fighting'],350,https://pokemondb.net/pokedex/mienfoo
 620,Mienshao,['Fighting'],510,https://pokemondb.net/pokedex/mienshao
 621,Druddigon,['Dragon'],485,https://pokemondb.net/pokedex/druddigon
 622,Golett,"['Ground', 'Ghost']",303,https://pokemondb.net/pokedex/golett
 623,Golurk,"['Ground', 'Ghost']",483,https://pokemondb.net/pokedex/golurk
 624,Pawniard,"['Dark', 'Steel']",340,https://pokemondb.net/pokedex/pawniard
 625,Bisharp,"['Dark', 'Steel']",490,https://pokemondb.net/pokedex/bisharp
 626,Bouffalant,['Normal'],490,https://pokemondb.net/pokedex/bouffalant
 627,Rufflet,"['Normal', 'Flying']",350,https://pokemondb.net/pokedex/rufflet
 628,Braviary,"['Normal', 'Flying']",510,https://pokemondb.net/pokedex/braviary
 629,Vullaby,"['Dark', 'Flying']",370,https://pokemondb.net/pokedex/vullaby
 630,Mandibuzz,"['Dark', 'Flying']",510,https://pokemondb.net/pokedex/mandibuzz
 631,Heatmor,['Fire'],484,https://pokemondb.net/pokedex/heatmor
 632,Durant,"['Bug', 'Steel']",484,https://pokemondb.net/pokedex/durant
 633,Deino,"['Dark', 'Dragon']",300,https://pokemondb.net/pokedex/deino
 634,Zweilous,"['Dark', 'Dragon']",420,https://pokemondb.net/pokedex/zweilous
 635,Hydreigon,"['Dark', 'Dragon']",600,https://pokemondb.net/pokedex/hydreigon
 636,Larvesta,"['Bug', 'Fire']",360,https://pokemondb.net/pokedex/larvesta
 637,Volcarona,"['Bug', 'Fire']",550,https://pokemondb.net/pokedex/volcarona
 638,Cobalion,"['Steel', 'Fighting']",580,https://pokemondb.net/pokedex/cobalion
 639,Terrakion,"['Rock', 'Fighting']",580,https://pokemondb.net/pokedex/terrakion
 640,Virizion,"['Grass', 'Fighting']",580,https://pokemondb.net/pokedex/virizion
 641,TornadusIncarnate Forme,['Flying'],580,https://pokemondb.net/pokedex/tornadus
 641,TornadusTherian Forme,['Flying'],580,https://pokemondb.net/pokedex/tornadus
 642,ThundurusIncarnate Forme,"['Electric', 'Flying']",580,https://pokemondb.net/pokedex/thundurus
 642,ThundurusTherian Forme,"['Electric', 'Flying']",580,https://pokemondb.net/pokedex/thundurus
 643,Reshiram,"['Dragon', 'Fire']",680,https://pokemondb.net/pokedex/reshiram
 644,Zekrom,"['Dragon', 'Electric']",680,https://pokemondb.net/pokedex/zekrom
 645,LandorusIncarnate Forme,"['Ground', 'Flying']",600,https://pokemondb.net/pokedex/landorus
 645,LandorusTherian Forme,"['Ground', 'Flying']",600,https://pokemondb.net/pokedex/landorus
 646,Kyurem,"['Dragon', 'Ice']",660,https://pokemondb.net/pokedex/kyurem
 646,KyuremBlack Kyurem,"['Dragon', 'Ice']",700,https://pokemondb.net/pokedex/kyurem
 646,KyuremWhite Kyurem,"['Dragon', 'Ice']",700,https://pokemondb.net/pokedex/kyurem
 647,KeldeoOrdinary Forme,"['Water', 'Fighting']",580,https://pokemondb.net/pokedex/keldeo
 647,KeldeoResolute Forme,"['Water', 'Fighting']",580,https://pokemondb.net/pokedex/keldeo
 648,MeloettaAria Forme,"['Normal', 'Psychic']",600,https://pokemondb.net/pokedex/meloetta
 648,MeloettaPirouette Forme,"['Normal', 'Fighting']",600,https://pokemondb.net/pokedex/meloetta
 649,Genesect,"['Bug', 'Steel']",600,https://pokemondb.net/pokedex/genesect
 650,Chespin,['Grass'],313,https://pokemondb.net/pokedex/chespin
 651,Quilladin,['Grass'],405,https://pokemondb.net/pokedex/quilladin
 652,Chesnaught,"['Grass', 'Fighting']",530,https://pokemondb.net/pokedex/chesnaught
 653,Fennekin,['Fire'],307,https://pokemondb.net/pokedex/fennekin
 654,Braixen,['Fire'],409,https://pokemondb.net/pokedex/braixen
 655,Delphox,"['Fire', 'Psychic']",534,https://pokemondb.net/pokedex/delphox
 656,Froakie,['Water'],314,https://pokemondb.net/pokedex/froakie
 657,Frogadier,['Water'],405,https://pokemondb.net/pokedex/frogadier
 658,Greninja,"['Water', 'Dark']",530,https://pokemondb.net/pokedex/greninja
 658,GreninjaAsh-Greninja,"['Water', 'Dark']",640,https://pokemondb.net/pokedex/greninja
 659,Bunnelby,['Normal'],237,https://pokemondb.net/pokedex/bunnelby
 660,Diggersby,"['Normal', 'Ground']",423,https://pokemondb.net/pokedex/diggersby
 661,Fletchling,"['Normal', 'Flying']",278,https://pokemondb.net/pokedex/fletchling
 662,Fletchinder,"['Fire', 'Flying']",382,https://pokemondb.net/pokedex/fletchinder
 663,Talonflame,"['Fire', 'Flying']",499,https://pokemondb.net/pokedex/talonflame
 664,Scatterbug,['Bug'],200,https://pokemondb.net/pokedex/scatterbug
 665,Spewpa,['Bug'],213,https://pokemondb.net/pokedex/spewpa
 666,Vivillon,"['Bug', 'Flying']",411,https://pokemondb.net/pokedex/vivillon
 667,Litleo,"['Fire', 'Normal']",369,https://pokemondb.net/pokedex/litleo
 668,Pyroar,"['Fire', 'Normal']",507,https://pokemondb.net/pokedex/pyroar
 669,Flabébé,['Fairy'],303,https://pokemondb.net/pokedex/flabebe
 670,Floette,['Fairy'],371,https://pokemondb.net/pokedex/floette
 671,Florges,['Fairy'],552,https://pokemondb.net/pokedex/florges
 672,Skiddo,['Grass'],350,https://pokemondb.net/pokedex/skiddo
 673,Gogoat,['Grass'],531,https://pokemondb.net/pokedex/gogoat
 674,Pancham,['Fighting'],348,https://pokemondb.net/pokedex/pancham
 675,Pangoro,"['Fighting', 'Dark']",495,https://pokemondb.net/pokedex/pangoro
 676,Furfrou,['Normal'],472,https://pokemondb.net/pokedex/furfrou
 677,Espurr,['Psychic'],355,https://pokemondb.net/pokedex/espurr
 678,MeowsticMale,['Psychic'],466,https://pokemondb.net/pokedex/meowstic
 678,MeowsticFemale,['Psychic'],466,https://pokemondb.net/pokedex/meowstic
 679,Honedge,"['Steel', 'Ghost']",325,https://pokemondb.net/pokedex/honedge
 680,Doublade,"['Steel', 'Ghost']",448,https://pokemondb.net/pokedex/doublade
 681,AegislashBlade Forme,"['Steel', 'Ghost']",520,https://pokemondb.net/pokedex/aegislash
 681,AegislashShield Forme,"['Steel', 'Ghost']",520,https://pokemondb.net/pokedex/aegislash
 682,Spritzee,['Fairy'],341,https://pokemondb.net/pokedex/spritzee
 683,Aromatisse,['Fairy'],462,https://pokemondb.net/pokedex/aromatisse
 684,Swirlix,['Fairy'],341,https://pokemondb.net/pokedex/swirlix
 685,Slurpuff,['Fairy'],480,https://pokemondb.net/pokedex/slurpuff
 686,Inkay,"['Dark', 'Psychic']",288,https://pokemondb.net/pokedex/inkay
 687,Malamar,"['Dark', 'Psychic']",482,https://pokemondb.net/pokedex/malamar
 688,Binacle,"['Rock', 'Water']",306,https://pokemondb.net/pokedex/binacle
 689,Barbaracle,"['Rock', 'Water']",500,https://pokemondb.net/pokedex/barbaracle
 690,Skrelp,"['Poison', 'Water']",320,https://pokemondb.net/pokedex/skrelp
 691,Dragalge,"['Poison', 'Dragon']",494,https://pokemondb.net/pokedex/dragalge
 692,Clauncher,['Water'],330,https://pokemondb.net/pokedex/clauncher
 693,Clawitzer,['Water'],500,https://pokemondb.net/pokedex/clawitzer
 694,Helioptile,"['Electric', 'Normal']",289,https://pokemondb.net/pokedex/helioptile
 695,Heliolisk,"['Electric', 'Normal']",481,https://pokemondb.net/pokedex/heliolisk
 696,Tyrunt,"['Rock', 'Dragon']",362,https://pokemondb.net/pokedex/tyrunt
 697,Tyrantrum,"['Rock', 'Dragon']",521,https://pokemondb.net/pokedex/tyrantrum
 698,Amaura,"['Rock', 'Ice']",362,https://pokemondb.net/pokedex/amaura
 699,Aurorus,"['Rock', 'Ice']",521,https://pokemondb.net/pokedex/aurorus
 700,Sylveon,['Fairy'],525,https://pokemondb.net/pokedex/sylveon
 701,Hawlucha,"['Fighting', 'Flying']",500,https://pokemondb.net/pokedex/hawlucha
 702,Dedenne,"['Electric', 'Fairy']",431,https://pokemondb.net/pokedex/dedenne
 703,Carbink,"['Rock', 'Fairy']",500,https://pokemondb.net/pokedex/carbink
 704,Goomy,['Dragon'],300,https://pokemondb.net/pokedex/goomy
 705,Sliggoo,['Dragon'],452,https://pokemondb.net/pokedex/sliggoo
 706,Goodra,['Dragon'],600,https://pokemondb.net/pokedex/goodra
 707,Klefki,"['Steel', 'Fairy']",470,https://pokemondb.net/pokedex/klefki
 708,Phantump,"['Ghost', 'Grass']",309,https://pokemondb.net/pokedex/phantump
 709,Trevenant,"['Ghost', 'Grass']",474,https://pokemondb.net/pokedex/trevenant
 710,PumpkabooAverage Size,"['Ghost', 'Grass']",335,https://pokemondb.net/pokedex/pumpkaboo
 710,PumpkabooSmall Size,"['Ghost', 'Grass']",335,https://pokemondb.net/pokedex/pumpkaboo
 710,PumpkabooLarge Size,"['Ghost', 'Grass']",335,https://pokemondb.net/pokedex/pumpkaboo
 710,PumpkabooSuper Size,"['Ghost', 'Grass']",335,https://pokemondb.net/pokedex/pumpkaboo
 711,GourgeistAverage Size,"['Ghost', 'Grass']",494,https://pokemondb.net/pokedex/gourgeist
 711,GourgeistSmall Size,"['Ghost', 'Grass']",494,https://pokemondb.net/pokedex/gourgeist
 711,GourgeistLarge Size,"['Ghost', 'Grass']",494,https://pokemondb.net/pokedex/gourgeist
 711,GourgeistSuper Size,"['Ghost', 'Grass']",494,https://pokemondb.net/pokedex/gourgeist
 712,Bergmite,['Ice'],304,https://pokemondb.net/pokedex/bergmite
 713,Avalugg,['Ice'],514,https://pokemondb.net/pokedex/avalugg
 714,Noibat,"['Flying', 'Dragon']",245,https://pokemondb.net/pokedex/noibat
 715,Noivern,"['Flying', 'Dragon']",535,https://pokemondb.net/pokedex/noivern
 716,Xerneas,['Fairy'],680,https://pokemondb.net/pokedex/xerneas
 717,Yveltal,"['Dark', 'Flying']",680,https://pokemondb.net/pokedex/yveltal
 718,Zygarde50% Forme,"['Dragon', 'Ground']",600,https://pokemondb.net/pokedex/zygarde
 718,Zygarde10% Forme,"['Dragon', 'Ground']",486,https://pokemondb.net/pokedex/zygarde
 718,ZygardeComplete Forme,"['Dragon', 'Ground']",708,https://pokemondb.net/pokedex/zygarde
 719,Diancie,"['Rock', 'Fairy']",600,https://pokemondb.net/pokedex/diancie
 719,DiancieMega Diancie,"['Rock', 'Fairy']",700,https://pokemondb.net/pokedex/diancie
 720,HoopaHoopa Confined,"['Psychic', 'Ghost']",600,https://pokemondb.net/pokedex/hoopa
 720,HoopaHoopa Unbound,"['Psychic', 'Dark']",680,https://pokemondb.net/pokedex/hoopa
 721,Volcanion,"['Fire', 'Water']",600,https://pokemondb.net/pokedex/volcanion
 722,Rowlet,"['Grass', 'Flying']",320,https://pokemondb.net/pokedex/rowlet
 723,Dartrix,"['Grass', 'Flying']",420,https://pokemondb.net/pokedex/dartrix
 724,Decidueye,"['Grass', 'Ghost']",530,https://pokemondb.net/pokedex/decidueye
 725,Litten,['Fire'],320,https://pokemondb.net/pokedex/litten
 726,Torracat,['Fire'],420,https://pokemondb.net/pokedex/torracat
 727,Incineroar,"['Fire', 'Dark']",530,https://pokemondb.net/pokedex/incineroar
 728,Popplio,['Water'],320,https://pokemondb.net/pokedex/popplio
 729,Brionne,['Water'],420,https://pokemondb.net/pokedex/brionne
 730,Primarina,"['Water', 'Fairy']",530,https://pokemondb.net/pokedex/primarina
 731,Pikipek,"['Normal', 'Flying']",265,https://pokemondb.net/pokedex/pikipek
 732,Trumbeak,"['Normal', 'Flying']",355,https://pokemondb.net/pokedex/trumbeak
 733,Toucannon,"['Normal', 'Flying']",485,https://pokemondb.net/pokedex/toucannon
 734,Yungoos,['Normal'],253,https://pokemondb.net/pokedex/yungoos
 735,Gumshoos,['Normal'],418,https://pokemondb.net/pokedex/gumshoos
 736,Grubbin,['Bug'],300,https://pokemondb.net/pokedex/grubbin
 737,Charjabug,"['Bug', 'Electric']",400,https://pokemondb.net/pokedex/charjabug
 738,Vikavolt,"['Bug', 'Electric']",500,https://pokemondb.net/pokedex/vikavolt
 739,Crabrawler,['Fighting'],338,https://pokemondb.net/pokedex/crabrawler
 740,Crabominable,"['Fighting', 'Ice']",478,https://pokemondb.net/pokedex/crabominable
 741,OricorioBaile Style,"['Fire', 'Flying']",476,https://pokemondb.net/pokedex/oricorio
 741,OricorioPom-Pom Style,"['Electric', 'Flying']",476,https://pokemondb.net/pokedex/oricorio
 741,OricorioPa'u Style,"['Psychic', 'Flying']",476,https://pokemondb.net/pokedex/oricorio
 741,OricorioSensu Style,"['Ghost', 'Flying']",476,https://pokemondb.net/pokedex/oricorio
 742,Cutiefly,"['Bug', 'Fairy']",304,https://pokemondb.net/pokedex/cutiefly
 743,Ribombee,"['Bug', 'Fairy']",464,https://pokemondb.net/pokedex/ribombee
 744,Rockruff,['Rock'],280,https://pokemondb.net/pokedex/rockruff
 745,LycanrocMidday Form,['Rock'],487,https://pokemondb.net/pokedex/lycanroc
 745,LycanrocMidnight Form,['Rock'],487,https://pokemondb.net/pokedex/lycanroc
 746,WishiwashiSolo Form,['Water'],175,https://pokemondb.net/pokedex/wishiwashi
 746,WishiwashiSchool Form,['Water'],620,https://pokemondb.net/pokedex/wishiwashi
 747,Mareanie,"['Poison', 'Water']",305,https://pokemondb.net/pokedex/mareanie
 748,Toxapex,"['Poison', 'Water']",495,https://pokemondb.net/pokedex/toxapex
 749,Mudbray,['Ground'],385,https://pokemondb.net/pokedex/mudbray
 750,Mudsdale,['Ground'],500,https://pokemondb.net/pokedex/mudsdale
 751,Dewpider,"['Water', 'Bug']",269,https://pokemondb.net/pokedex/dewpider
 752,Araquanid,"['Water', 'Bug']",454,https://pokemondb.net/pokedex/araquanid
 753,Fomantis,['Grass'],250,https://pokemondb.net/pokedex/fomantis
 754,Lurantis,['Grass'],480,https://pokemondb.net/pokedex/lurantis
 755,Morelull,"['Grass', 'Fairy']",285,https://pokemondb.net/pokedex/morelull
 756,Shiinotic,"['Grass', 'Fairy']",405,https://pokemondb.net/pokedex/shiinotic
 757,Salandit,"['Poison', 'Fire']",320,https://pokemondb.net/pokedex/salandit
 758,Salazzle,"['Poison', 'Fire']",480,https://pokemondb.net/pokedex/salazzle
 759,Stufful,"['Normal', 'Fighting']",340,https://pokemondb.net/pokedex/stufful
 760,Bewear,"['Normal', 'Fighting']",500,https://pokemondb.net/pokedex/bewear
 761,Bounsweet,['Grass'],210,https://pokemondb.net/pokedex/bounsweet
 762,Steenee,['Grass'],290,https://pokemondb.net/pokedex/steenee
 763,Tsareena,['Grass'],510,https://pokemondb.net/pokedex/tsareena
 764,Comfey,['Fairy'],485,https://pokemondb.net/pokedex/comfey
 765,Oranguru,"['Normal', 'Psychic']",490,https://pokemondb.net/pokedex/oranguru
 766,Passimian,['Fighting'],490,https://pokemondb.net/pokedex/passimian
 767,Wimpod,"['Bug', 'Water']",230,https://pokemondb.net/pokedex/wimpod
 768,Golisopod,"['Bug', 'Water']",530,https://pokemondb.net/pokedex/golisopod
 769,Sandygast,"['Ghost', 'Ground']",320,https://pokemondb.net/pokedex/sandygast
 770,Palossand,"['Ghost', 'Ground']",480,https://pokemondb.net/pokedex/palossand
 771,Pyukumuku,['Water'],410,https://pokemondb.net/pokedex/pyukumuku
 772,Type: Null,['Normal'],534,https://pokemondb.net/pokedex/type-null
 773,Silvally,['Normal'],570,https://pokemondb.net/pokedex/silvally
 774,MiniorMeteor Form,"['Rock', 'Flying']",440,https://pokemondb.net/pokedex/minior
 774,MiniorCore Form,"['Rock', 'Flying']",500,https://pokemondb.net/pokedex/minior
 775,Komala,['Normal'],480,https://pokemondb.net/pokedex/komala
 776,Turtonator,"['Fire', 'Dragon']",485,https://pokemondb.net/pokedex/turtonator
 777,Togedemaru,"['Electric', 'Steel']",435,https://pokemondb.net/pokedex/togedemaru
 778,Mimikyu,"['Ghost', 'Fairy']",476,https://pokemondb.net/pokedex/mimikyu
 779,Bruxish,"['Water', 'Psychic']",475,https://pokemondb.net/pokedex/bruxish
 780,Drampa,"['Normal', 'Dragon']",485,https://pokemondb.net/pokedex/drampa
 781,Dhelmise,"['Ghost', 'Grass']",517,https://pokemondb.net/pokedex/dhelmise
 782,Jangmo-o,['Dragon'],300,https://pokemondb.net/pokedex/jangmo-o
 783,Hakamo-o,"['Dragon', 'Fighting']",420,https://pokemondb.net/pokedex/hakamo-o
 784,Kommo-o,"['Dragon', 'Fighting']",600,https://pokemondb.net/pokedex/kommo-o
 785,Tapu Koko,"['Electric', 'Fairy']",570,https://pokemondb.net/pokedex/tapu-koko
 786,Tapu Lele,"['Psychic', 'Fairy']",570,https://pokemondb.net/pokedex/tapu-lele
 787,Tapu Bulu,"['Grass', 'Fairy']",570,https://pokemondb.net/pokedex/tapu-bulu
 788,Tapu Fini,"['Water', 'Fairy']",570,https://pokemondb.net/pokedex/tapu-fini
 789,Cosmog,['Psychic'],200,https://pokemondb.net/pokedex/cosmog
 790,Cosmoem,['Psychic'],400,https://pokemondb.net/pokedex/cosmoem
 791,Solgaleo,"['Psychic', 'Steel']",680,https://pokemondb.net/pokedex/solgaleo
 792,Lunala,"['Psychic', 'Ghost']",680,https://pokemondb.net/pokedex/lunala
 793,Nihilego,"['Rock', 'Poison']",570,https://pokemondb.net/pokedex/nihilego
 794,Buzzwole,"['Bug', 'Fighting']",570,https://pokemondb.net/pokedex/buzzwole
 795,Pheromosa,"['Bug', 'Fighting']",570,https://pokemondb.net/pokedex/pheromosa
 796,Xurkitree,['Electric'],570,https://pokemondb.net/pokedex/xurkitree
 797,Celesteela,"['Steel', 'Flying']",570,https://pokemondb.net/pokedex/celesteela
 798,Kartana,"['Grass', 'Steel']",570,https://pokemondb.net/pokedex/kartana
 799,Guzzlord,"['Dark', 'Dragon']",570,https://pokemondb.net/pokedex/guzzlord
 800,Necrozma,['Psychic'],600,https://pokemondb.net/pokedex/necrozma
 801,Magearna,"['Steel', 'Fairy']",600,https://pokemondb.net/pokedex/magearna
 802,Marshadow,"['Fighting', 'Ghost']",600,https://pokemondb.net/pokedex/marshadow
